<?xml version="1.0" encoding="UTF-8"?>
<!DOCTYPE generatorConfiguration
  PUBLIC "-//mybatis.org//DTD MyBatis Generator Configuration 1.0//EN"
  "http://mybatis.org/dtd/mybatis-generator-config_1_0.dtd">
<generatorConfiguration>
    <!--数据库驱动-->
    <classPathEntry    location="mariadb-java-client-2.4.0.jar"/>
    <context id="DB2Tables"    targetRuntime="MyBatis3">
	    <commentGenerator>
            <property name="suppressDate" value="false"/>
            <property name="suppressAllComments" value="false"/>
        </commentGenerator>
        <!--数据库链接地址账号密码-->
        <jdbcConnection driverClass="org.mariadb.jdbc.Driver" 
		connectionURL="jdbc:mariadb://localhost:3306/db_example"
		userId="springuser" password="123456">
        </jdbcConnection>
        <javaTypeResolver>
            <property name="forceBigDecimals" value="false"/>
        </javaTypeResolver>
        <!--生成Model类存放位置-->
        <javaModelGenerator targetPackage="{{.PackageName}}.model" targetProject="../../java/">
            <property name="enableSubPackages" value="true"/>
            <property name="trimStrings" value="true"/>
        </javaModelGenerator>
        <!--生成映射文件存放位置-->
        <sqlMapGenerator targetPackage="{{.PackageName}}.mapper" targetProject="../../java/">
            <property name="enableSubPackages" value="true"/>
        </sqlMapGenerator>
        <!--生成Dao类存放位置-->
        <javaClientGenerator type="XMLMAPPER" targetPackage="{{.PackageName}}.mapper" targetProject="../../java/">
            <property name="enableSubPackages" value="true"/>
        </javaClientGenerator>
        <!--生成对应表及类名-->
        <table tableName="user" enableCountByExample="false"
		enableUpdateByExample="false" enableDeleteByExample="false"
		enableSelectByExample="false" selectByExampleQueryId="false"></table>
    </context>
</generatorConfiguration>